{"Gold": 3.1799999999999997, "Silver": 25.991515, "Copper": 147.12869999999998}